File,Title,Author ID
Pagos.html,Pagos,505932885
¿Necesito registrarme para usar OLX?.html,¿Necesito registrarme para usar OLX?,505932885
¿Cuánto tiempo aparecerán mis anuncios en OLX?.html,¿Cuánto tiempo aparecerán mis anuncios en OLX?,505932885
Productos y servicios no permitidos en OLX.html,Productos y servicios no permitidos en OLX,505932885
Encuentro con el vendedor comprador.html,Encuentro con el vendedor/comprador,505932885
Reglas de Publicación.html,Reglas de Publicación,505932885
Fui víctima de un fraude.html,Fui víctima de un fraude,457624615
¿Qué hace OLX en caso de fraude?.html,¿Qué hace OLX en caso de fraude?,457624615
Recibí un mensaje sospechoso.html,Recibí un mensaje sospechoso,457624615
No puedo ver mis mensajes.html,No puedo ver mis mensajes,457624615
No encuentro mi anuncio.html,No encuentro mi anuncio,457624615
¿Cómo me contactan los vendedores que yo contacté?.html,¿Cómo me contactan los vendedores que yo contacté?,457624615
Reportar un anuncio.html,Reportar un anuncio,505932885
No recibí el email de confirmación de mi cuenta.html,No recibí el email de confirmación de mi cuenta,505932885
No puedo acceder a mi cuenta.html,No puedo acceder a mi cuenta,505932885
Modificar email.html,Modificar email,505932885
Eliminar mi cuenta.html,Eliminar mi cuenta,457624615
¿Cómo elimino mensajes?.html,¿Cómo elimino mensajes?,505932885
¿Dónde puedo encontrar mis mensajes?.html,¿Dónde puedo encontrar mis mensajes?,505932885
No puedo enviar mensajes.html,No puedo enviar mensajes,505932885
Mis Favoritos.html,Mis Favoritos,505932885
¿Cómo compro con seguridad?.html,¿Cómo compro con seguridad?,505932885
¿Cómo contacto al vendedor?.html,¿Cómo contacto al vendedor?,505932885
Mi anuncio no está activo.html,Mi anuncio no está activo,505932885
¿Cómo edito mi información de contacto?.html,¿Cómo edito mi información de contacto?,505932885
¿Cómo edito mi anuncio?.html,¿Cómo edito mi anuncio?,505932885
¿Dónde puedo encontrar mi anuncio?.html,¿Dónde puedo encontrar mi anuncio?,505932885
¿Pueden los usuarios ver mi información personal?.html,¿Pueden los usuarios ver mi información personal?,505932885
Cómo publicar un anuncio.html,Cómo publicar un anuncio,505932885
¿Cómo identificar el fraude?.html,¿Cómo identificar el fraude?,505932885
¿Necesito registrarme para usar OLX?.html,¿Necesito registrarme para usar OLX?,505932885
Pagos.html,Pagos,505932885
¿Cuánto tiempo aparecerán mis anuncios en OLX?.html,¿Cuánto tiempo aparecerán mis anuncios en OLX?,505932885
Productos y servicios no permitidos en OLX.html,Productos y servicios no permitidos en OLX,505932885
Encuentro con el vendedor comprador.html,Encuentro con el vendedor/comprador,505932885
Reglas de Publicación.html,Reglas de Publicación,505932885
¿Pueden los usuarios ver mi información personal?.html,¿Pueden los usuarios ver mi información personal?,505932885
No puedo acceder a mi cuenta.html,No puedo acceder a mi cuenta,505932885
¿Cómo elimino mi anuncio?.html,¿Cómo elimino mi anuncio?,505932885
Cómo publicar un anuncio.html,Cómo publicar un anuncio,505932885
No recibí el email de confirmación de mi cuenta.html,No recibí el email de confirmación de mi cuenta,505932885
¿Cómo republico un anuncio?.html,¿Cómo republico un anuncio?,505932885
¿Cómo elimino mensajes?.html,¿Cómo elimino mensajes?,505932885
¿Cómo edito mi información de contacto?.html,¿Cómo edito mi información de contacto?,505932885
¿Dónde puedo encontrar mi anuncio?.html,¿Dónde puedo encontrar mi anuncio?,505932885
Consejos para crear un anuncio atractivo.html,Consejos para crear un anuncio atractivo,505932885
¿Cómo identificar el fraude?.html,¿Cómo identificar el fraude?,505932885
¿Cómo compro con seguridad?.html,¿Cómo compro con seguridad?,505932885
Mis Favoritos.html,Mis Favoritos,505932885
Reportar un anuncio.html,Reportar un anuncio,505932885
Mi anuncio no está activo.html,Mi anuncio no está activo,505932885
¿Cómo contacto al vendedor?.html,¿Cómo contacto al vendedor?,505932885
¿Cómo edito mi anuncio?.html,¿Cómo edito mi anuncio?,505932885
¿Dónde puedo encontrar mis mensajes?.html,¿Dónde puedo encontrar mis mensajes?,505932885
Modificar email.html,Modificar email,505932885
¿Cómo comparto mis anuncios?.html,¿Cómo comparto mis anuncios?,505932885
No puedo enviar mensajes.html,No puedo enviar mensajes,505932885
Modificar contraseña.html,Modificar contraseña,505932885
No puedo ver mis mensajes.html,No puedo ver mis mensajes,505932885
Mi anuncio fue rechazado.html,Mi anuncio fue rechazado,505932885
¿Cómo identificar el fraude?.html,¿Cómo identificar el fraude?,505932885
Reportar un anuncio.html,Reportar un anuncio,505932885
Pagos.html,Pagos,505932885
No recibí el email de confirmación de mi cuenta.html,No recibí el email de confirmación de mi cuenta,505932885
No puedo acceder a mi cuenta.html,No puedo acceder a mi cuenta,505932885
Modificar email.html,Modificar email,505932885
¿Necesito registrarme para usar OLX?.html,¿Necesito registrarme para usar OLX?,505932885
¿Cómo elimino mensajes?.html,¿Cómo elimino mensajes?,505932885
¿Dónde puedo encontrar mis mensajes?.html,¿Dónde puedo encontrar mis mensajes?,505932885
No puedo enviar mensajes.html,No puedo enviar mensajes,505932885
Mis Favoritos.html,Mis Favoritos,505932885
¿Cómo compro con seguridad?.html,¿Cómo compro con seguridad?,505932885
¿Cómo contacto al vendedor?.html,¿Cómo contacto al vendedor?,505932885
Mi anuncio no está activo.html,Mi anuncio no está activo,505932885
¿Cómo comparto mis anuncios?.html,¿Cómo comparto mis anuncios?,505932885
¿Cómo edito mi información de contacto?.html,¿Cómo edito mi información de contacto?,505932885
¿Cómo elimino mi anuncio?.html,¿Cómo elimino mi anuncio?,505932885
¿Cómo republico un anuncio?.html,¿Cómo republico un anuncio?,505932885
¿Cómo edito mi anuncio?.html,¿Cómo edito mi anuncio?,505932885
¿Dónde puedo encontrar mi anuncio?.html,¿Dónde puedo encontrar mi anuncio?,505932885
¿Pueden los usuarios ver mi información personal?.html,¿Pueden los usuarios ver mi información personal?,505932885
Consejos para crear un anuncio atractivo.html,Consejos para crear un anuncio atractivo,505932885
¿Cuánto tiempo aparecerán mis anuncios en OLX?.html,¿Cuánto tiempo aparecerán mis anuncios en OLX?,505932885
Productos y servicios no permitidos en OLX.html,Productos y servicios no permitidos en OLX,505932885
Reglas de Publicación.html,Reglas de Publicación,505932885
Cómo publicar un anuncio.html,Cómo publicar un anuncio,505932885
Encuentro con el vendedor comprador.html,Encuentro con el vendedor/comprador,505932885
Modificar contraseña.html,Modificar contraseña,505932885
No puedo ver mis mensajes.html,No puedo ver mis mensajes,505932885
Mi anuncio fue rechazado.html,Mi anuncio fue rechazado,505932885
Consejos para el encuentro con el vendedor comprador.html,Consejos para el encuentro con el vendedor/comprador,442900109
¿Cómo identificar un fraude?.html,¿Cómo identificar un fraude?,442900109
Consejos para una pagar de manera segura.html,Consejos para una pagar de manera segura,442900109
Productos y servicios no permitidos en OLX.html,Productos y servicios no permitidos en OLX,505932885
Consejos para crear un anuncio atractivo.html,Consejos para crear un anuncio atractivo,505932885
¿Necesito registrarme para usar OLX?.html,¿Necesito registrarme para usar OLX?,505932885
Cómo publicar un anuncio.html,Cómo publicar un anuncio,505932885
¿Qué hace OLX en caso de fraude?.html,¿Qué hace OLX en caso de fraude?,442900109
Quiero reportar un usuario por fraude.html,Quiero reportar un usuario por fraude,442900109
Recibí un mensaje sospechoso.html,Recibí un mensaje sospechoso,442900109
He sido víctima de un fraude.html,He sido víctima de un fraude,442900109
¿Dónde puedo encontrar mi anuncio?.html,¿Dónde puedo encontrar mi anuncio?,505932885
Modificar email.html,Modificar email,505932885
¿Cómo edito mi anuncio?.html,¿Cómo edito mi anuncio?,505932885
Reglas de Publicación.html,Reglas de Publicación,505932885
Me olvidé mi contraseña.html,Me olvidé mi contraseña,505932885
¿Cuánto tiempo aparecerán mis anuncios en OLX?.html,¿Cuánto tiempo aparecerán mis anuncios en OLX?,505932885
¿Cómo elimino mi anuncio?.html,¿Cómo elimino mi anuncio?,505932885
Términos y Condiciones.html,Términos y Condiciones,442900109
¿Pueden los usuarios ver mi información personal?.html,¿Pueden los usuarios ver mi información personal?,505932885
Mi anuncio no está activo.html,Mi anuncio no está activo,505932885
How to detect fraud.html,How to detect fraud,716193772
Items not allowed in OLX.html,Items not allowed in OLX,716193772
Posting rules.html,Posting rules,716193772
Where can I find my ad?.html,Where can I find my ad?,716193772
How to post an ad.html,How to post an ad,716193772
How to edit my contact information?.html,How to edit my contact information?,716193772
Report an ad.html,Report an ad,716193772
Users can see my personal info?.html,Users can see my personal info?,716193772
Tips to create a great ad.html,Tips to create a great ad,716193772
I did not receive the account email confirmation.html,I did not receive the account email confirmation,716193772
How to share my ads?.html,How to share my ads?,716193772
I cannot access my account.html,I cannot access my account,716193772
Modify email.html,Modify email,716193772
How to delete my ad?.html,How to delete my ad?,716193772
How to republish my ad?.html,How to republish my ad?,716193772
How to edit my ad?.html,How to edit my ad?,716193772
My Favorites.html,My Favorites,716193772
Where can I find my messages?.html,Where can I find my messages?,716193772
My ad is not active.html,My ad is not active,716193772
Payments.html,Payments,716193772
Do I need to register to use OLX?.html,Do I need to register to use OLX?,716193772
I cannot send messages.html,I cannot send messages,716193772
How long will my ads appear on the site?.html,How long will my ads appear on the site?,716193772
How to contact the seller?.html,How to contact the seller?,716193772
How to delete messages?.html,How to delete messages?,716193772
How do I buy safely?.html,How do I buy safely?,716193772
My ad was rejected.html,My ad was rejected,716193772
Why do you ask me for my street address?.html,Why do you ask me for my street address?,716193772
I cannot see my messages.html,I cannot see my messages,716193772
Modify password.html,Modify password,716193772
Posting rules.html,Posting rules,716193772
Items not allowed in OLX.html,Items not allowed in OLX,716193772
Where can I find my ad.html,Where can I find my ad,716193772
How to detect fraud.html,How to detect fraud,716193772
How to contact the seller?.html,How to contact the seller?,716193772
How long will my ads appear on the site.html,How long will my ads appear on the site,716193772
I did not receive the account email confirmation.html,I did not receive the account email confirmation,716193772
Where can I find my messages?.html,Where can I find my messages?,716193772
How to delete my ad.html,How to delete my ad,716193772
I cannot access my account.html,I cannot access my account,716193772
Modify email.html,Modify email,716193772
How to edit my ad.html,How to edit my ad,716193772
Tips to create a great ad.html,Tips to create a great ad,716193772
How to post an ad.html,How to post an ad,716193772
Do I need to register to use OLX?.html,Do I need to register to use OLX?,716193772
How to edit my contact information.html,How to edit my contact information,716193772
My ad is not active.html,My ad is not active,716193772
Report an ad.html,Report an ad,716193772
Payments.html,Payments,716193772
How to delete messages?.html,How to delete messages?,716193772
I cannot send messages.html,I cannot send messages,716193772
My Favorites.html,My Favorites,716193772
How do I buy safely?.html,How do I buy safely?,716193772
How to share my ads?.html,How to share my ads?,716193772
How to republish my ad.html,How to republish my ad,716193772
Users can see my personal info?.html,Users can see my personal info?,716193772
Modify password.html,Modify password,716193772
Report a message.html,Report a message,716193772
Why do you ask me for my street address?.html,Why do you ask me for my street address?,716193772
I cannot see my messages.html,I cannot see my messages,716193772
Where can I find my ad.html,Where can I find my ad,716193772
How to edit my ad.html,How to edit my ad,716193772
Items not allowed in OLX.html,Items not allowed in OLX,716193772
How to detect fraud.html,How to detect fraud,716193772
Posting rules.html,Posting rules,716193772
I cannot find my ad on search results.html,I cannot find my ad on search results,716193772
How to post an ad.html,How to post an ad,716193772
How do I buy safely?.html,How do I buy safely?,716193772
Tips to create a great ad.html,Tips to create a great ad,716193772
How to contact the seller?.html,How to contact the seller?,716193772
My ad is not active.html,My ad is not active,716193772
Payments.html,Payments,716193772
I did not receive the account email confirmation.html,I did not receive the account email confirmation,716193772
How to republish my ad.html,How to republish my ad,716193772
Report an ad.html,Report an ad,716193772
I cannot access my account.html,I cannot access my account,716193772
Modify email.html,Modify email,716193772
Do I need to register to use OLX?.html,Do I need to register to use OLX?,716193772
How to delete messages?.html,How to delete messages?,716193772
Where can I find my messages?.html,Where can I find my messages?,716193772
I cannot send messages.html,I cannot send messages,716193772
My Favorites.html,My Favorites,716193772
How to share my ads?.html,How to share my ads?,716193772
How to edit my contact information.html,How to edit my contact information,716193772
How long will my ads appear on the site.html,How long will my ads appear on the site,716193772
How to delete my ad.html,How to delete my ad,716193772
Users can see my personal info?.html,Users can see my personal info?,716193772
I received a suspiscius message.html,I received a suspiscius message,716193772
Report a message.html,Report a message,716193772
Meet with the other part.html,Meet with the other part,716193772
How long will my ads appear on the site?.html,How long will my ads appear on the site?,716193772
Where can I find my ad?.html,Where can I find my ad?,716193772
Items not allowed in OLX.html,Items not allowed in OLX,716193772
Posting rules.html,Posting rules,716193772
Tips to create a great ad.html,Tips to create a great ad,716193772
How to detect fraud.html,How to detect fraud,716193772
How to post an ad.html,How to post an ad,716193772
Payments.html,Payments,716193772
How to delete my ad?.html,How to delete my ad?,716193772
I cannot access my account.html,I cannot access my account,716193772
How to republish my ad?.html,How to republish my ad?,716193772
How to edit my ad?.html,How to edit my ad?,716193772
Modify email.html,Modify email,716193772
Where can I find my messages?.html,Where can I find my messages?,716193772
How to edit my contact information?.html,How to edit my contact information?,716193772
I did not receive the account email confirmation.html,I did not receive the account email confirmation,716193772
How to share my ads?.html,How to share my ads?,716193772
Do I need to register to use OLX?.html,Do I need to register to use OLX?,716193772
How to contact the seller?.html,How to contact the seller?,716193772
Users can see my personal info?.html,Users can see my personal info?,716193772
My ad is not active.html,My ad is not active,716193772
I cannot send messages.html,I cannot send messages,716193772
Report an ad.html,Report an ad,716193772
How to delete messages?.html,How to delete messages?,716193772
My Favorites.html,My Favorites,716193772
How do I buy safely?.html,How do I buy safely?,716193772
Modify password.html,Modify password,716193772
I received a suspiscius message.html,I received a suspiscius message,716193772
Why do you ask me for my street address?.html,Why do you ask me for my street address?,716193772
Meet with the other part.html,Meet with the other part,716193772
How to post an ad.html,How to post an ad,743992301
Posting rules.html,Posting rules,743992301
How long will my ads appear on the site.html,How long will my ads appear on the site,743992301
Items not allowed in OLX.html,Items not allowed in OLX,743992301
How to republish my ad.html,How to republish my ad,743992301
My Favorites.html,My Favorites,743992301
How to delete messages?.html,How to delete messages?,743992301
I did not receive the account email confirmation.html,I did not receive the account email confirmation,743992301
Do I need to register to use OLX?.html,Do I need to register to use OLX?,743992301
Modify email.html,Modify email,743992301
Tips to create a great ad.html,Tips to create a great ad,743992301
How to detect fraud.html,How to detect fraud,743992301
Report an ad.html,Report an ad,743992301
Payments.html,Payments,743992301
I cannot access my account.html,I cannot access my account,743992301
Where can I find my messages?.html,Where can I find my messages?,743992301
I cannot send messages.html,I cannot send messages,743992301
How do I buy safely?.html,How do I buy safely?,743992301
How to contact the seller?.html,How to contact the seller?,743992301
My ad is not active.html,My ad is not active,743992301
How to share my ads?.html,How to share my ads?,743992301
How to edit my contact information.html,How to edit my contact information,743992301
How to delete my ad.html,How to delete my ad,743992301
How to edit my ad.html,How to edit my ad,743992301
Where can I find my ad.html,Where can I find my ad,743992301
Users can see my personal info?.html,Users can see my personal info?,743992301
I received a suspiscius message.html,I received a suspiscius message,743992301
Report a message.html,Report a message,743992301
Meet with the other part.html,Meet with the other part,743992301
Modify password.html,Modify password,743992301
Pesquisa no Site.html,Pesquisa no Site,764212941
Informações sobre os Planos Profissionais OLX .html,Informações sobre os Planos Profissionais OLX ,764212941
Envio por CTT.html,Envio por CTT,720856371
Segurança - Phishing.html,Segurança - Phishing,720856371
Conheça a sua audiência!.html,Conheça a sua audiência!,720856371
Passatempo “Ganhe um iPad Mini por semana no OLX”.html,Passatempo “Ganhe um iPad Mini por semana no OLX”,714772291
Saiba mais sobre os Destaques Promocionais do OLX.html,Saiba mais sobre os Destaques Promocionais do OLX,726418321
Novidades OLX.html,Novidades OLX,764212941
Como posso utilizar o My OLX?.html,Como posso utilizar o My OLX?,720856371
Recebi um contacto do OLX a solicitar os meus dados pessoais. Como devo proceder?.html,Recebi um contacto do OLX a solicitar os meus dados pessoais. Como devo proceder?,720856371
O que deve evitar na descrição de um anúncio?.html,O que deve evitar na descrição de um anúncio?,720856371
O meu anúncio pode ser removido?.html,O meu anúncio pode ser removido?,720856371
Envios para fora de Portugal.html,Envios para fora de Portugal,720856371
Dicas para Comprar no OLX e Transacção Segura.html,Dicas para Comprar no OLX e Transacção Segura,720856371
Vender e comprar no OLX.html,Vender e comprar no OLX,720856371
Novas categorias.html,Novas categorias,764212941
Página do anúncio.html,Página do anúncio,764212941
My OLX.html,My OLX,764212941
Como reportar um anúncio?.html,Como reportar um anúncio?,720856371
OLX na Lisboa Games Week.html,OLX na Lisboa Games Week,720856371
"Como despistar que se trata de uma ""carta nigeriana""?.html","Como despistar que se trata de uma ""carta nigeriana""?",720856371
Testemunho no Você na TV - Ana e Mariana (26 12 2013).html,Testemunho no Você na TV - Ana e Mariana (26/12/2013),720856371
Como alterar a permissão no meu Iphone Ipad para adicionar fotografias através da aplicação iOS do OLX?.html,Como alterar a permissão no meu Iphone/Ipad para adicionar fotografias através da aplicação iOS do OLX?,720856371
Destaques.html,Destaques,764212941
Que tipo de anúncios são proibidos no OLX?.html,Que tipo de anúncios são proibidos no OLX?,720856371
Como pode proteger-se?.html,Como pode proteger-se?,720856371
Existe algum custo?.html,Existe algum custo?,720856371
Página de resultados por Categoria.html,Página de resultados por Categoria,764212941
Nova imagem do site.html,Nova imagem do site,764212941
 Publicar anúncios.html, Publicar anúncios,764212941
Сайты-двойники OLX.html,Сайты-двойники OLX,643776071
Правило одного товара в одном объявлении.html,Правило одного товара в одном объявлении,491117941
Правила публикации объявлений.html,Правила публикации объявлений,643776071
Почему заблокирована моя учетная запись.html,Почему заблокирована моя учетная запись,491117941
"Как заказать услугу Топ, Срочно, Выделение, Поднятие.html","Как заказать услугу Топ, Срочно, Выделение, Поднятие",643776071
Возврат денежных средств.html,Возврат денежных средств,491117941
Как разместить объявление.html,Как разместить объявление,643776071
"Объявления нет на сайте, хотя услуга оплачена.html","Объявления нет на сайте, хотя услуга оплачена",643776071
Полезные видео-советы от OLX.html,Полезные видео-советы от OLX,491117941
Ложные объявления.html,Ложные объявления,643776071
Зарубежные интернет-мошенники.html,Зарубежные интернет-мошенники,643776071
Преимущества доставки на OLX.html,Преимущества доставки на OLX,491117941
Как сообщить о нарушении?.html,Как сообщить о нарушении?,643776071
Дополнительные услуги.html,Дополнительные услуги,491117941
Как оформить доставку .html,Как оформить доставку ,491117941
Виды доставки.html,Виды доставки,491117941
О компании Мист Экспресс.html,О компании Мист Экспресс,491117941
История доставок.html,История доставок,491117941
Примеры SMS-сообщений для оплаты услуг.html,Примеры SMS-сообщений для оплаты услуг,491117941
Стоимость услуг.html,Стоимость услуг,643776071
Услуга «Топ-объявление».html,Услуга «Топ-объявление»,491117941
Услуга «Срочное объявление».html,Услуга «Срочное объявление»,491117941
Услуга «Поднятие объявления».html,Услуга «Поднятие объявления»,491117941
Условия использования.html,Условия использования,491117941
Услуга «Выделение объявления».html,Услуга «Выделение объявления»,491117941
"Список запрещенных товаров, услуг и предложений.html","Список запрещенных товаров, услуг и предложений",491117941
Мой профиль.html,Мой профиль,643776071
О нас.html,О нас,491117941
Как составить привлекательное объявление.html,Как составить привлекательное объявление,643776071
Как добавить фотографии к объявлению.html,Как добавить фотографии к объявлению,643776071
How Do I Report An Inappropriate Ad On Dubizzle ?.html,How Do I Report An Inappropriate Ad On Dubizzle ?,694415606
Am I Allowed To Post The Same Ad In Different Cities And Languages ?.html,Am I Allowed To Post The Same Ad In Different Cities And Languages ?,694415606
Is There A Limited Number Of Ads That I Can Post On The Website?.html,Is There A Limited Number Of Ads That I Can Post On The Website?,694415606
How Do I Reset My Password?.html,How Do I Reset My Password?,694415606
"I've Sent A Reply To An Ad, But There Was No Response. What Can I Do?.html","I've Sent A Reply To An Ad, But There Was No Response. What Can I Do?",694415606
How Do I Share An Ad On Social Media Platforms?.html,How Do I Share An Ad On Social Media Platforms?,694415606
"I Can't Find The Contact Details On An Ad, How Do I Respond?.html","I Can't Find The Contact Details On An Ad, How Do I Respond?",694415606
Why Are My Ads Not Appearing On The Website?.html,Why Are My Ads Not Appearing On The Website?,694415606
"How Many Photos Can I Upload For My Ad, And What Is The Size Format That I Should Use?.html","How Many Photos Can I Upload For My Ad, And What Is The Size/Format That I Should Use?",694415606
Will My Personal Details Be Kept Private?.html,Will My Personal Details Be Kept Private?,694415606
Can People From Other Cities View My Ad?.html,Can People From Other Cities View My Ad?,694415606
Why Can't I Include My Email Address In The Description?.html,Why Can't I Include My Email Address In The Description?,694415606
How Do I Refresh My Ad On Dubizzle?.html,How Do I Refresh My Ad On Dubizzle?,694415606
How Can I Place An Ad?.html,How Can I Place An Ad?,694415606
How Do I Edit Delete My Ads?.html,How Do I Edit/Delete My Ads?,694415606
How do I get more responses for my ad?.html,How do I get more responses for my ad?,694415606
What is the expiry date of Ads?.html,What is the expiry date of Ads?,694415606
How can I see my AD on dubizzle?.html,How can I see my AD on dubizzle?,694415606
"I forgot my password, how can I reset my password?.html","I forgot my password, how can I reset my password?",694415606
Why Is My AD Pending?.html,Why Is My AD Pending?,694415606
How Can I Edit Delete An Ad?.html,How Can I Edit/Delete An Ad?,694415606
How Can I Change My Registered Email Address?.html,How Can I Change My Registered Email Address?,694415606
Why was my Account blocked?.html,Why was my Account blocked?,694415606
Does dubizzle take commission?  What are your fees?.html,Does dubizzle take commission? /What are your fees?,694415606
Why Am I Unable To Place An Ad Due To Incorrect Price?.html,Why Am I Unable To Place An Ad Due To Incorrect Price?,694415606
You have posted your AD in the wrong Category.html,You have posted your AD in the wrong Category,694415606
When Can I Re-Post My AD?.html,When Can I Re-Post My AD?,694415606
How can I feature my Ad on the first page?.html,How can I feature my Ad on the first page?,694415606
Can I post my AD on all dubizzle websites in all countries?.html,Can I post my AD on all dubizzle websites in all countries?,694415606
What Kind Of Ads That Are Not Allowed On Dubizzle?.html,What Kind Of Ads That Are Not Allowed On Dubizzle?,694415606
Your AD is Misleading and missing certain information.html,Your AD is Misleading and missing certain information,694415606
Your AD is for Commercial products or offers a Service.html,Your AD is for Commercial products or offers a Service,694415606
You repeated your AD more than once.html,You repeated your AD more than once,694415606
Can you add a Mobile Verification feature to avoid fake numbers?.html,Can you add a Mobile Verification feature to avoid fake numbers?,694415606
How Can I Apply To Work With Dubizzle?.html,How Can I Apply To Work With Dubizzle?,694415606
There is NO Photo in AD & the Photo is unsuitable.html,There is NO Photo in AD & the Photo is unsuitable,694415606
How can I deactivate my account?.html,How can I deactivate my account?,694415606
How do I close a deal?.html,How do I close a deal?,694415606
How Can I Advertise On Dubizzle?.html,How Can I Advertise On Dubizzle?,694415606
Can I post the same ad in more than one City?.html,Can I post the same ad in more than one City?,694415606
How do I get more responses for my ad?.html,How do I get more responses for my ad?,694415606
How can I communicate with dubizzle?.html,How can I communicate with dubizzle?,694415606
Why can't I place an ad (Browser Issue)?.html,Why can't I place an ad (Browser Issue)?,694415606
Why are my photos not uploading?.html,Why are my photos not uploading?,694415606
How can I contact the buyer?.html,How can I contact the buyer?,694415606
How can I track my account on dubizzle?.html,How can I track my account on dubizzle?,694415606
Is There A Limited Number Of Ads That I Can Post On The Website?.html,Is There A Limited Number Of Ads That I Can Post On The Website?,694415606
Am I Allowed To Post The Same Ad In Different Cities And Languages ?.html,Am I Allowed To Post The Same Ad In Different Cities And Languages ?,694415606
How Do I Refresh My Ad On Dubizzle?.html,How Do I Refresh My Ad On Dubizzle?,694415606
How do I get more responses for my ad?.html,How do I get more responses for my ad?,694415606
How Do I Report An Inappropriate Ad On Dubizzle ?.html,How Do I Report An Inappropriate Ad On Dubizzle ?,694415606
How Do I Reset My Password?.html,How Do I Reset My Password?,694415606
"I've Sent A Reply To An Ad, But There Was No Response. What Can I Do?.html","I've Sent A Reply To An Ad, But There Was No Response. What Can I Do?",694415606
How Do I Share An Ad On Social Media Platforms?.html,How Do I Share An Ad On Social Media Platforms?,694415606
"I Can't Find The Contact Details On An Ad, How Do I Respond?.html","I Can't Find The Contact Details On An Ad, How Do I Respond?",694415606
Why Are My Ads Not Appearing On The Website?.html,Why Are My Ads Not Appearing On The Website?,694415606
"How Many Photos Can I Upload For My Ad, And What Is The Size Format That I Should Use?.html","How Many Photos Can I Upload For My Ad, And What Is The Size/Format That I Should Use?",694415606
Will My Personal Details Be Kept Private?.html,Will My Personal Details Be Kept Private?,694415606
Can People From Other Cities View My Ad?.html,Can People From Other Cities View My Ad?,694415606
Why Can't I Include My Email Address In The Description?.html,Why Can't I Include My Email Address In The Description?,694415606
How can I place an ad?.html,How can I place an ad?,694415606
How Do I Edit Delete My Ads?.html,How Do I Edit/Delete My Ads?,694415606
Am I Allowed To Post The Same Ad In Different Cities And Languages ?.html,Am I Allowed To Post The Same Ad In Different Cities And Languages ?,694415606
How Do I Report An Inappropriate Ad On Dubizzle ?.html,How Do I Report An Inappropriate Ad On Dubizzle ?,694415606
Is There A Limited Number Of Ads That I Can Post On The Website?.html,Is There A Limited Number Of Ads That I Can Post On The Website?,694415606
How Do I Reset My Password?.html,How Do I Reset My Password?,694415606
"I've Sent A Reply To An Ad, But There Was No Response. What Can I Do?.html","I've Sent A Reply To An Ad, But There Was No Response. What Can I Do?",694415606
How Do I Share An Ad On Social Media Platforms?.html,How Do I Share An Ad On Social Media Platforms?,694415606
"I Can't Find The Contact Details On An Ad, How Do I Respond?.html","I Can't Find The Contact Details On An Ad, How Do I Respond?",694415606
Why Are My Ads Not Appearing On The Website?.html,Why Are My Ads Not Appearing On The Website?,694415606
"How Many Photos Can I Upload For My Ad, And What Is The Size Format That I Should Use?.html","How Many Photos Can I Upload For My Ad, And What Is The Size/Format That I Should Use?",694415606
Will My Personal Details Be Kept Private?.html,Will My Personal Details Be Kept Private?,694415606
Can People From Other Cities View My Ad?.html,Can People From Other Cities View My Ad?,694415606
Why Can't I Include My Email Address In The Description?.html,Why Can't I Include My Email Address In The Description?,694415606
How do I refresh my ad on dubizzle?.html,How do I refresh my ad on dubizzle?,694415606
How Do I Edit Delete My Ads?.html,How Do I Edit/Delete My Ads?,694415606
How do i place an ad?.html,How do i place an ad?,694415606
How do I get more responses for my ad?.html,How do I get more responses for my ad?,694415606
How Do I Refresh My Ad On Dubizzle?.html,How Do I Refresh My Ad On Dubizzle?,694415606
How Do I Report An Inappropriate Ad On Dubizzle ?.html,How Do I Report An Inappropriate Ad On Dubizzle ?,694415606
Am I Allowed To Post The Same Ad In Different Cities And Languages ?.html,Am I Allowed To Post The Same Ad In Different Cities And Languages ?,694415606
Is There A Limited Number Of Ads That I Can Post On The Website?.html,Is There A Limited Number Of Ads That I Can Post On The Website?,694415606
How Do I Reset My Password?.html,How Do I Reset My Password?,694415606
"I've Sent A Reply To An Ad, But There Was No Response. What Can I Do?.html","I've Sent A Reply To An Ad, But There Was No Response. What Can I Do?",694415606
How Do I Share An Ad On Social Media Platforms?.html,How Do I Share An Ad On Social Media Platforms?,694415606
"I Can't Find The Contact Details On An Ad, How Do I Respond?.html","I Can't Find The Contact Details On An Ad, How Do I Respond?",694415606
Why Are My Ads Not Appearing On The Website?.html,Why Are My Ads Not Appearing On The Website?,694415606
"How Many Photos Can I Upload For My Ad, And What Is The Size Format That I Should Use?.html","How Many Photos Can I Upload For My Ad, And What Is The Size/Format That I Should Use?",694415606
Will My Personal Details Be Kept Private?.html,Will My Personal Details Be Kept Private?,694415606
Can People From Other Cities View My Ad?.html,Can People From Other Cities View My Ad?,694415606
Why Can't I Include My Email Address In The Description?.html,Why Can't I Include My Email Address In The Description?,694415606
How Do I Edit Delete My Ads?.html,How Do I Edit/Delete My Ads?,694415606
How Can I Place An Ad?.html,How Can I Place An Ad?,694415606
How do I get more responses for my ad?.html,How do I get more responses for my ad?,694415606
How do I edit delete my ads?.html,How do I edit/delete my ads?,694415606
Is there a limited number of ads that I can post on the website?.html,Is there a limited number of ads that I can post on the website?,694415606
Am I allowed to post the same ad in different cities and languages ?.html,Am I allowed to post the same ad in different cities and languages ?,694415606
How do I share an ad on social media platforms?.html,How do I share an ad on social media platforms?,694415606
Will my personal details be kept private?.html,Will my personal details be kept private?,694415606
How do I report an inappropriate ad on dubizzle ?.html,How do I report an inappropriate ad on dubizzle ?,694415606
How do I reset my password?.html,How do I reset my password?,694415606
"I've sent a reply to an ad, but there was no response. What can i do?.html","I've sent a reply to an ad, but there was no response. What can i do?",694415606
"I can't find the contact details on an ad, how do I respond?.html","I can't find the contact details on an ad, how do I respond?",694415606
Why are my ads not appearing on the website?.html,Why are my ads not appearing on the website?,694415606
"How many photos can I upload for my ad, and what is the size format that I should use?.html","How many photos can I upload for my ad, and what is the size/format that I should use?",694415606
Can people from other cities view my ad?.html,Can people from other cities view my ad?,694415606
Why can't I include my email address in the description?.html,Why can't I include my email address in the description?,694415606
How do I refresh my ad on dubizzle?.html,How do I refresh my ad on dubizzle?,694415606
How do i place an ad?.html,How do i place an ad?,694415606
How do I get more responses for my ad?.html,How do I get more responses for my ad?,694415606
How do I edit delete my ads?.html,How do I edit/delete my ads?,694415606
How do I get more responses for my ad?.html,How do I get more responses for my ad?,694415606
Is There A Limited Number Of Ads That I Can Post On The Website?.html,Is There A Limited Number Of Ads That I Can Post On The Website?,694415606
Why Can't I Include My Email Address In The Description?.html,Why Can't I Include My Email Address In The Description?,694415606
How do I refresh my ad on dubizzle?.html,How do I refresh my ad on dubizzle?,694415606
How Do I Place An Ad?.html,How Do I Place An Ad?,694415606
Can People From Other Cities View My Ad?.html,Can People From Other Cities View My Ad?,694415606
How do I report an inappropriate ad on dubizzle ?.html,How do I report an inappropriate ad on dubizzle ?,694415606
"I've Sent A Reply To An Ad, But There Was No Response. What Can I Do?.html","I've Sent A Reply To An Ad, But There Was No Response. What Can I Do?",694415606
Why are my ads not appearing on the website?.html,Why are my ads not appearing on the website?,694415606
Am I Allowed To Post The Same Ad In Different Cities And Languages ?.html,Am I Allowed To Post The Same Ad In Different Cities And Languages ?,694415606
How Do I Reset My Password?.html,How Do I Reset My Password?,694415606
How do I share an ad on social media platforms?.html,How do I share an ad on social media platforms?,694415606
"I can't find the contact details on an ad, how do I respond?.html","I can't find the contact details on an ad, how do I respond?",694415606
"How many photos can I upload for my ad, and what is the size format that I should use?.html","How many photos can I upload for my ad, and what is the size/format that I should use?",694415606
Will My Personal Details Be Kept Private?.html,Will My Personal Details Be Kept Private?,694415606
Is there a limited number of ads that I can post on dubizzle?.html,Is there a limited number of ads that I can post on dubizzle?,694415606
How can I reset my password ?.html,How can I reset my password ?,694415606
"How many photos can I upload for my ad, and what is the size format that I should use?.html","How many photos can I upload for my ad, and what is the size/format that I should use?",694415606
How can I promote my business through dubizzle ?.html,How can I promote my business through dubizzle ?,694415606
Do the ads posted on the website belong to dubizzle?.html,Do the ads posted on the website belong to dubizzle?,694415606
How can I share my ads on social media platforms (Facebook & Twitter)?.html,How can I share my ads on social media platforms (Facebook & Twitter)?,694415606
What type of content is not allowed (prohibited) to be posted on dubizzle?.html,What type of content is not allowed (prohibited) to be posted on dubizzle?,694415606
Am I allowed to post the same ad in different countries   cities   languages ?.html,Am I allowed to post the same ad in different countries / cities / languages ?,694415606
"How does dubizzle make profit, if the ads are for free ?.html","How does dubizzle make profit, if the ads are for free ?",694415606
How can I report an ad on dubizzle?.html,How can I report an ad on dubizzle?,694415606
How can I apply for a job on dubizzle?.html,How can I apply for a job on dubizzle?,694415606
Can I refresh my ad back to the top of the page?.html,Can I refresh my ad back to the top of the page?,694415606
How do i get in touch with the poster ?.html,How do i get in touch with the poster ?,694415606
Are Dubizzle Ad's For Free ?.html,Are Dubizzle Ad's For Free ?,694415606
How do I edit delete my ads?.html,How do I edit/delete my ads?,694415606
How do I place an ad?.html,How do I place an ad?,694415606
How do I get more responses for my ad?.html,How do I get more responses for my ad?,694415606
What is the maximum size and format of the CV that can be uploaded on dubizzle?.html,What is the maximum size and format of the CV that can be uploaded on dubizzle?,694415606
Does dubizzle hold any guarantee for any damaged goods purchased on the platform ?.html,Does dubizzle hold any guarantee for any damaged goods purchased on the platform ?,694415606
How can i register using the mobile app?.html,How can i register using the mobile app?,694415606
How can i place an ad using the mobile app?.html,How can i place an ad using the mobile app?,694415606
Real Examples of Fraud.html,Real Examples of Fraud,4922078
Phishing Attempt: Is This Email I Received From Dubizzle?.html,Phishing Attempt: Is This Email I Received From Dubizzle?,4922078
Can I carry credits forward?.html,Can I carry credits forward?,694415606
dubizzle and RERA.html,dubizzle and RERA,4922078
Do you have special accounts for dealers or a bulk purchase facility?.html,Do you have special accounts for dealers or a bulk purchase facility?,694415606
"My 5 car package expired, what happens to my ads? And can I renew it?.html","My 5 car package expired, what happens to my ads? And can I renew it?",694415606
Can I request for a refund?.html,Can I request for a refund?,694415606
How do I place an ad?.html,How do I place an ad?,4922078
How do I refresh an auto listing to bring it back at the top (Pro Autos account only)?.html,How do I refresh an auto listing to bring it back at the top (Pro Autos account only)?,694415606
"It says the my images are awaiting approval, how long would it take?.html","It says the my images are awaiting approval, how long would it take?",694415606
Scams on dubizzle.html,Scams on dubizzle,4922078
Why do I have to pay to list a car ad?.html,Why do I have to pay to list a car ad?,4922078
How many car ads can I have per account?.html,How many car ads can I have per account?,694415606
"I just featured my car ad, for how long will it remain on dubizzle?.html","I just featured my car ad, for how long will it remain on dubizzle?",694415606
What is a refresh?.html,What is a refresh?,694415606
How long will my car be listed on dubizzle for?.html,How long will my car be listed on dubizzle for?,694415606
Are all ads on dubizzle paid? What are the paid sections on dubizzle?.html,Are all ads on dubizzle paid? What are the paid sections on dubizzle?,694415606
What are the benefits of signing up for a paid Pro Autos account?.html,What are the benefits of signing up for a paid Pro Autos account?,694415606
What are daily credits and how can I use them?.html,What are daily credits and how can I use them?,694415606
When will my car ad appear on the website?.html,When will my car ad appear on the website?,694415606
How much do I pay to list a car?.html,How much do I pay to list a car?,694415606
What is the 5 car package?.html,What is the 5 car package?,694415606
Why should I feature my ad?.html,Why should I feature my ad?,694415606
How does the maximum number of live auto listings work?.html,How does the maximum number of live auto listings work?,694415606
How do I edit delete my ads?.html,How do I edit/delete my ads?,4922078
What is a Property Featured Ad?.html,What is a Property Featured Ad?,4922078
Why is it asking me to upload my Property Agent information?.html,Why is it asking me to upload my Property Agent information?,4922078
How Can I Refresh My Free Ads?.html,How Can I Refresh My Free Ads?,4922078
How much does it cost to place an ad?.html,How much does it cost to place an ad?,4922078
How can I change my mobile number?.html,How can I change my mobile number?,4922078
Acum poti vedea si cati utilizatori au adaugat anuntul tau la favorite.html,Acum poti vedea si cati utilizatori au adaugat anuntul tau la favorite,478056272
Cum functioneaza Livrare cu verificare? .html,Cum functioneaza Livrare cu verificare? ,469739742
Am ceva de vanzare. Cum adaug un anunt?.html,Am ceva de vanzare. Cum adaug un anunt?,469739742
Cum trimit mesaj unui vanzator (cum cumpar)?.html,Cum trimit mesaj unui vanzator (cum cumpar)?,469739742
Vreau sa imi promovez anuntul.html,Vreau sa imi promovez anuntul,469739742
De ce am contul blocat?.html,De ce am contul blocat?,469739742
Cum imi schimb datele contului.html,Cum imi schimb datele contului,478056272
Cat timp este valabil un anunt pe OLX.ro si cate reactualizari pot face? .html,Cat timp este valabil un anunt pe OLX.ro si cate reactualizari pot face? ,478056272
Cum functioneaza Livrarea cu verificare? .html,Cum functioneaza Livrarea cu verificare? ,469739742
De ce sa imi fac un cont pe OLX.ro?.html,De ce sa imi fac un cont pe OLX.ro?,469739742
Cum imi sterg contul OLX.ro?.html,Cum imi sterg contul OLX.ro?,469739742
Cum imi modific un anunt?.html,Cum imi modific un anunt?,469739742
Cum imi activez anuntul?.html,Cum imi activez anuntul?,469739742
Am uitat parola. Cum o recuperez? .html,Am uitat parola. Cum o recuperez? ,469739742
Cum salvez un anunt care ma intereseaza?.html,Cum salvez un anunt care ma intereseaza?,469739742
Ce pachete de promovare exista?.html,Ce pachete de promovare exista?,478056272
Cum pot intra de pe mobil pe OLX.ro? .html,Cum pot intra de pe mobil pe OLX.ro? ,469739742
Ce faceti pentru siguranta mea pe OLX.ro? .html,Ce faceti pentru siguranta mea pe OLX.ro? ,469739742
Cum salvez un anunt ma intereseaza?.html,Cum salvez un anunt ma intereseaza?,469739742
Cine plateste transportul? .html,Cine plateste transportul? ,469739742
Cum imi modific un anunt? .html,Cum imi modific un anunt? ,469739742
Ce imi recomandati ca sa vand in siguranta?.html,Ce imi recomandati ca sa vand in siguranta?,469739742
Cum se face efectiv verificarea la destinatar? .html,Cum se face efectiv verificarea la destinatar? ,469739742
Cum ar trebui sa arate un anunt?.html,Cum ar trebui sa arate un anunt?,469739742
Ce imi recomandati ca sa cumpar in siguranta? .html,Ce imi recomandati ca sa cumpar in siguranta? ,469739742
Cum reinnoiesc anuntul? (valabililitate anunt).html,Cum reinnoiesc anuntul? (valabililitate anunt),469739742
In cat timp vine curierul pentru ridicarea coletului?.html,In cat timp vine curierul pentru ridicarea coletului?,469739742
Am gasit un anunt nepotrivit .html,Am gasit un anunt nepotrivit ,469739742
Nu imi gasesc anuntul.html,Nu imi gasesc anuntul,469739742
Ce Nu pot vinde pe OLX.ro?.html,Ce Nu pot vinde pe OLX.ro?,469739742
Posting Rules.html,Posting Rules,398977475
How to detect fraud?.html,How to detect fraud?,398977475
Prohibited Items on OLX.html,Prohibited Items on OLX,398977475
Where can I find my ad?.html,Where can I find my ad?,398977475
Cannot find my ad.html,Cannot find my ad,398977475
Tips to create a great ad.html,Tips to create a great ad,398977475
I cannot send messages.html,I cannot send messages,398977475
Users can see my personal info?.html,Users can see my personal info?,398977475
Why do you ask me for my street address?.html,Why do you ask me for my street address?,398977475
How to edit my ad?.html,How to edit my ad?,398977475
I did not receive the account email confirmation.html,I did not receive the account email confirmation,398977475
Where can I find my messages?.html,Where can I find my messages?,398977475
I cannot access to my account.html,I cannot access to my account,398977475
How to buy safely?.html,How to buy safely?,398977475
How to contact the seller?.html,How to contact the seller?,398977475
How to edit my contact information?.html,How to edit my contact information?,398977475
How to delete my ad.html,How to delete my ad,398977475
How to republish my ad?.html,How to republish my ad?,398977475
How long will my ads appear on the site?.html,How long will my ads appear on the site?,398977475
I cannot see my messages.html,I cannot see my messages,398977475
My Favorites.html,My Favorites,398977475
How sellers can contact me?.html,How sellers can contact me?,398977475
How to delete messages?.html,How to delete messages?,398977475
My ad is not active.html,My ad is not active,398977475
How to share my ads.html,How to share my ads,398977475
Report an ad.html,Report an ad,398977475
Payments.html,Payments,398977475
Modify email.html,Modify email,398977475
How to post an ad.html,How to post an ad,398977475
Do I need to register to use OLX?.html,Do I need to register to use OLX?,398977475
How can I post an ad without logging in?.html,How can I post an ad without logging in?,433110250
"I am a registered OLX user, can I post an ad without logging in to your system? .html","I am a registered OLX user, can I post an ad without logging in to your system? ",433110250
What are the types of items and services that are not allowed on OLX.ph?.html,What are the types of items and services that are not allowed on OLX.ph?,433110250
Can I still send a private message to any user without having an ad inquiry? .html,Can I still send a private message to any user without having an ad inquiry? ,433110250
What will happen to my active(Published) ads?.html,What will happen to my active(Published) ads?,433110250
What are Paid Ads?.html,What are Paid Ads?,433110250
Can I still access my OLX Gold Logs? .html,Can I still access my OLX Gold Logs? ,433110250
Why do I get an error message that reads “Mobile number already in use”?.html,Why do I get an error message that reads “Mobile number already in use”?,433112470
How to deactivate an ad?.html,How to deactivate an ad?,433110250
What are the advantages of having a Primary contact number?.html,What are the advantages of having a Primary contact number?,433110250
What will happen to my message bookmarks  starred PMs? .html,What will happen to my message bookmarks/ starred PMs? ,433110250
Who is OLX? .html,Who is OLX? ,433110250
What is OLX Gold Credit?.html,What is OLX Gold Credit?,407536754
I'm trying to install the latest version but I can't seem to proceed..html,I'm trying to install the latest version but I can't seem to proceed.,407536754
What is Scheduled Refresh?.html,What is Scheduled Refresh?,407536754
Online Buying Tips.html,Online Buying Tips,433110250
Why can't I assign a specific number to my account?.html,Why can't I assign a specific number to my account?,433110250
What is the Express Refresh Ad feature?.html,What is the Express Refresh Ad feature?,433110250
How can I nominate a Primary Contact Number?.html,How can I nominate a Primary Contact Number?,433110250
What is the Express Refresh feature?.html,What is the Express Refresh feature?,407536754
What are Value Added Services?.html,What are Value Added Services?,407536754
What will happen to my active (For fixing) ads? .html,What will happen to my active (For fixing) ads? ,433110250
What type of payment facilities does Dragonpay offer?.html,What type of payment facilities does Dragonpay offer?,407536754
What will happen to my Temporary ads and Expired Ads? .html,What will happen to my Temporary ads and Expired Ads? ,433110250
What will happen to my Private Messages? .html,What will happen to my Private Messages? ,433110250
What are the instances where a Primary Contact Number is required?.html,What are the instances where a Primary Contact Number is required?,433110250
Can I still change my account details?.html,Can I still change my account details?,433110250
Can I still post without logging in? .html,Can I still post without logging in? ,433110250
Where can I download the OLX Philippines mobile apps?.html,Where can I download the OLX Philippines mobile apps?,433110250
What will happen to the ads that I marked reserved?.html,What will happen to the ads that I marked reserved?,433110250
I forgot my account password.html,I forgot my account password,618353201
"Managing my ads in ""My account"".html","Managing my ads in ""My account""",618353201
How to create an account in OLX?.html,How to create an account in OLX?,618353201
How can I contact a seller?.html,How can I contact a seller?,618353201
How to write a good description?.html,How to write a good description?,618353201
How to write a good ad?.html,How to write a good ad?,618353201
Types of goods and services allowed.html,Types of goods and services allowed,618353201
OLX role in transactions .html,OLX role in transactions ,618353201
How do I modify my email address?.html,How do I modify my email address?,618353201
I have been a victim of fraud.html,I have been a victim of fraud,618353201
Posting rules.html,Posting rules,618353201
Where can I find my ad?.html,Where can I find my ad?,618353201
Safe transactions.html,Safe transactions,618353201
All about us.html,All about us,618353201
Is it free to post an ad?.html,Is it free to post an ad?,618353201
How to download OLX app on Android phone?.html,How to download OLX app on Android phone?,618353201
Where can I find my messages?.html,Where can I find my messages?,618353201
How to create an ad?.html,How to create an ad?,618353201
"How do I change password for ""My Account"".html","How do I change password for ""My Account""",618353201
Seller is not responding.html,Seller is not responding,618353201
Report an ad.html,Report an ad,618353201
Payments - Our recommendation.html,Payments - Our recommendation,618353201
How to edit my Ad?.html,How to edit my Ad?,618353201
My ad is not active.html,My ad is not active,618353201
Do I need to register to use OLX?.html,Do I need to register to use OLX?,618353201
How to download OLX app from Apple store?.html,How to download OLX app from Apple store?,618353201
What is password for?.html,What is password for?,618353201
Prohibited and Restricted Items & Services.html,Prohibited and Restricted Items & Services,618353201
Report Fraud and Breach of Policy.html,Report Fraud and Breach of Policy,618353201
How to check account email confirmation?.html,How to check account email confirmation?,618353201
How can I contact a seller?.html,How can I contact a seller?,513369582
I forgot my account password.html,I forgot my account password,513369582
"Managing my ads in ""My account"".html","Managing my ads in ""My account""",513369582
How to create an account in OLX?.html,How to create an account in OLX?,513369582
How to write a good description?.html,How to write a good description?,513369582
Types of goods and services allowed.html,Types of goods and services allowed,513369582
How to write a good ad?.html,How to write a good ad?,513369582
OLX role in transactions .html,OLX role in transactions ,513369582
All about us.html,All about us,513369582
Posting rules.html,Posting rules,513369582
How to download OLX app on Android phone?.html,How to download OLX app on Android phone?,513369582
How do I modify my email address?.html,How do I modify my email address?,513369582
Common ad-posting mistakes to be avoided.html,Common ad-posting mistakes to be avoided,513369582
Is it free to post an ad?.html,Is it free to post an ad?,513369582
Where can I find my ad?.html,Where can I find my ad?,513369582
Safe transactions.html,Safe transactions,513369582
I have been a victim of fraud.html,I have been a victim of fraud,513369582
How to edit my Ad?.html,How to edit my Ad?,513369582
Do I need to register to use OLX?.html,Do I need to register to use OLX?,513369582
How to Submit  an ad?.html,How to Submit  an ad?,513369582
Where can I find my messages?.html,Where can I find my messages?,513369582
My ad is not active.html,My ad is not active,513369582
Report an ad.html,Report an ad,513369582
Seller is not responding.html,Seller is not responding,513369582
How to download OLX app from Apple store?.html,How to download OLX app from Apple store?,513369582
Payments - Our recommendation.html,Payments - Our recommendation,513369582
What is password for?.html,What is password for?,513369582
"How do I change password for ""My Account"".html","How do I change password for ""My Account""",513369582
Tips for buyers and sellers.html,Tips for buyers and sellers,513369582
How do I add photos to my Ad?.html,How do I add photos to my Ad?,513369582
Cum?.html,Cum?,465821561
NOWE FORMY PROMOWAŃ.html,NOWE FORMY PROMOWAŃ,611845441
NOWA ODSŁONA OTODOM.html,NOWA ODSŁONA OTODOM,611845441
JAK UŁATWIĆ SOBIE SZUKANIE OGŁOSZEŃ?.html,JAK UŁATWIĆ SOBIE SZUKANIE OGŁOSZEŃ?,611845441
JAK DZIAŁA PODBICIE (INWESTYCJA DEWELOPERSKA).html,JAK DZIAŁA PODBICIE (INWESTYCJA DEWELOPERSKA),611845441
DLA KOGO KONTO DEWELOPERSKIE?.html,DLA KOGO KONTO DEWELOPERSKIE?,611845441
CZY MOŻECIE ZNALEŹĆ DLA MNIE MIESZKANIE DOM?.html,CZY MOŻECIE ZNALEŹĆ DLA MNIE MIESZKANIE/DOM?,611845441
JAKIE ZDJĘCIA MOGĘ DODAĆ?.html,JAKIE ZDJĘCIA MOGĘ DODAĆ?,611845441
JAK DZIAŁA PROMOWANIE TOP - POCZĄTEK LISTY (INWESTYCJA DEWELOPERSKA).html,JAK DZIAŁA PROMOWANIE TOP - POCZĄTEK LISTY (INWESTYCJA DEWELOPERSKA),611845441
CO ZYSKAM DODAJĄC OGŁOSZENIE W OTODOM?.html,CO ZYSKAM DODAJĄC OGŁOSZENIE W OTODOM?,611845441
NOWA ODSŁONA OTODOM.html,NOWA ODSŁONA OTODOM,611845441
DLA KOGO KONTO BIURA NIERUCHOMOŚCI?.html,DLA KOGO KONTO BIURA NIERUCHOMOŚCI?,611845441
JAKI JEST ZASIĘG OTODOM WEDŁUG BADANIA MEGAPANEL?.html,JAKI JEST ZASIĘG OTODOM WEDŁUG BADANIA MEGAPANEL?,611845441
NOWA ODSŁONA OTODOM.html,NOWA ODSŁONA OTODOM,611845441
JAK DZIAŁA PROMOWANIE NA STRONIE GŁÓWNEJ (INWESTYCJA DEWELOPERSKA).html,JAK DZIAŁA PROMOWANIE NA STRONIE GŁÓWNEJ (INWESTYCJA DEWELOPERSKA),611845441
CZY WYSTAWICIE MI FAKTURĘ?.html,CZY WYSTAWICIE MI FAKTURĘ?,611845441
JAK WYGLĄDA OFERTA DLA DEWELOPERÓW?.html,JAK WYGLĄDA OFERTA DLA DEWELOPERÓW?,611845441
JAKI JEST ZASIĘG OTODOM WEDŁUG BADANIA MEGAPANEL?.html,JAKI JEST ZASIĘG OTODOM WEDŁUG BADANIA MEGAPANEL?,611845441
JAK WYŚWIETLIĆ STATYSTYKI MOICH INWESTYCJI?.html,JAK WYŚWIETLIĆ STATYSTYKI MOICH INWESTYCJI?,611845441
JAK WYGLĄDA OFERTA DLA BIUR NIERUCHOMOŚCI?.html,JAK WYGLĄDA OFERTA DLA BIUR NIERUCHOMOŚCI?,611845441
JAK SZUKAĆ MIESZKANIA DOMU?.html,JAK SZUKAĆ MIESZKANIA/DOMU?,611845441
W JAKICH SERWISACH BĘDZIE WIDOCZNE MOJE OGŁOSZENIE .html,W JAKICH SERWISACH BĘDZIE WIDOCZNE MOJE OGŁOSZENIE ,611845441
W JAKICH SERWISACH BĘDZIE WIDOCZNE MOJE OGŁOSZENIE.html,W JAKICH SERWISACH BĘDZIE WIDOCZNE MOJE OGŁOSZENIE,611845441
JAK BĘDĘ ROZLICZANY NA KONCIE BIURA NIERUCHOMOŚCI?.html,JAK BĘDĘ ROZLICZANY NA KONCIE BIURA NIERUCHOMOŚCI?,611845441
JAK BĘDĘ ROZLICZANY NA KONCIE DEWELOPERSKIM?.html,JAK BĘDĘ ROZLICZANY NA KONCIE DEWELOPERSKIM?,611845441
"JEŚLI ZNAJDĘ MIESZKANIE NA WASZEJ STRONIE, CZY ZAPŁACĘ ZA TO PROWIZJĘ?.html","JEŚLI ZNAJDĘ MIESZKANIE NA WASZEJ STRONIE, CZY ZAPŁACĘ ZA TO PROWIZJĘ?",611845441
JAK WYGLĄDA WYPOWIEDZENIE UMOWY (KONTO DEWELOPERSKIE)?.html,JAK WYGLĄDA WYPOWIEDZENIE UMOWY (KONTO DEWELOPERSKIE)?,611845441
CO WPŁYWA NA KOLEJNOŚĆ OGŁOSZEŃ NA LIŚCIE WYNIKÓW WYSZUKIWANIA?.html,CO WPŁYWA NA KOLEJNOŚĆ OGŁOSZEŃ NA LIŚCIE WYNIKÓW WYSZUKIWANIA?,611845441
"CHCĘ DODAĆ OGŁOSZENIE TYPU ""KUPIĘ WYNAJMĘ MIESZKANIE"".html","CHCĘ DODAĆ OGŁOSZENIE TYPU ""KUPIĘ/WYNAJMĘ MIESZKANIE""",611845441
JAK ZACZĄĆ WSPÓŁPRACĘ? (POŚREDNIK).html,JAK ZACZĄĆ WSPÓŁPRACĘ? (POŚREDNIK),611845441
CO WPŁYWA NA KOLEJNOŚĆ OGŁOSZEŃ NA LIŚCIE WYNIKÓW WYSZUKIWANIA?.html,CO WPŁYWA NA KOLEJNOŚĆ OGŁOSZEŃ NA LIŚCIE WYNIKÓW WYSZUKIWANIA?,611845441
Dodawanie ogłoszeń przez konto dealerskie.html,Dodawanie ogłoszeń przez konto dealerskie,831799478
Eksport ogłoszeń.html,Eksport ogłoszeń,831799478
Do głównych zasad zamieszczania ogłoszeń w OTOMOTO należą:.html,Do głównych zasad zamieszczania ogłoszeń w OTOMOTO należą:,831799478
Wypowiedzenie umowy.html,Wypowiedzenie umowy,831799478
Jak działa eksport ogłoszeń do OLX?.html,Jak działa eksport ogłoszeń do OLX?,831799478
Przykład autoryzacji.html,Przykład autoryzacji,831799478
Przedłużanie czasu wyświetlania ogłoszenia.html,Przedłużanie czasu wyświetlania ogłoszenia,831799478
Zakupy w OTOMOTO.html,Zakupy w OTOMOTO,831799478
Co się zmieniło w regulaminie dla dealerów?.html,Co się zmieniło w regulaminie dla dealerów?,831799478
Dane dealera.html,Dane dealera,831799478
Jak dodać ogłoszenie?.html,Jak dodać ogłoszenie?,831799478
Faktura za ogłoszenie.html,Faktura za ogłoszenie,831799478
Usunięcie konta.html,Usunięcie konta,831799478
API.html,API,831799478
Wiadomości.html,Wiadomości,831799478
Pobranie profilu dealera.html,Pobranie profilu dealera,831799478
Statusy ogłoszeń w OTOMOTO.html,Statusy ogłoszeń w OTOMOTO,831799478
Kolejny krok - kontakt ze sprzedającym.html,Kolejny krok - kontakt ze sprzedającym,831799478
Bezpieczeństwo hasła.html,Bezpieczeństwo hasła,831799478
Pobranie listy dzielnic danej miejscowości.html,Pobranie listy dzielnic danej miejscowości,831799478
Wyróżnianie ogłoszeń.html,Wyróżnianie ogłoszeń,831799478
OTOMOTO - udzielamy wsparcia.html,OTOMOTO - udzielamy wsparcia,831799478
Podszywanie się pod pracowników OTOMOTO.html,Podszywanie się pod pracowników OTOMOTO,831799478
Jak działa aplikacja i gdzie można ją pobrać?.html,Jak działa aplikacja i gdzie można ją pobrać?,831799478
Tworzenie nowego hasła.html,Tworzenie nowego hasła,831799478
Dealer w serwisie OTOMOTO.html,Dealer w serwisie OTOMOTO,831799478
"Pliki ""cookies"" - polityka.html","Pliki ""cookies"" - polityka",831799478
"Pliki ""cookies"" - co to jest?.html","Pliki ""cookies"" - co to jest?",831799478
"Pliki ""cookies"" i ich zastosowanie.html","Pliki ""cookies"" i ich zastosowanie",831799478
"Pliki ""cookies"" i ich rodzaje.html","Pliki ""cookies"" i ich rodzaje",831799478
